[
  {
    "category": "CONNECTIONOWNER",
    "type": "commercial",
    "id": "com1",
    "parent_actor": "hol1",
    "contracts": [
      {
        "type": "NONFIRM",
        "contract_scope": "GRIDOPERATOR"
      },
      {
        "type": "FIXED",
        "contract_scope": "ENERGYSUPPLIER"
      }
    ]
  },
  {
    "category": "CONNECTIONOWNER",
    "type": "commercial",
    "id": "com2",
    "parent_actor": "hol1",
    "contracts": [
      {
        "type": "NONFIRM",
        "contract_scope": "GRIDOPERATOR"
      },
      {
        "type": "FIXED",
        "contract_scope": "ENERGYSUPPLIER"
      }
    ]
  },
  {
    "category": "CONNECTIONOWNER",
    "type": "commercial",
    "id": "com3",
    "parent_actor": "hol1",
    "contracts": [
      {
        "type": "NONFIRM",
        "contract_scope": "GRIDOPERATOR"
      },
      {
        "type": "FIXED",
        "contract_scope": "ENERGYSUPPLIER"
      }
    ]
  },
  {
    "category": "CONNECTIONOWNER",
    "type": "commercial",
    "id": "com4",
    "parent_actor": "hol1",
    "contracts": [
      {
        "type": "NONFIRM",
        "contract_scope": "GRIDOPERATOR"
      },
      {
        "type": "FIXED",
        "contract_scope": "ENERGYSUPPLIER"
      }
    ]
  },
  {
    "category": "ENERGYSUPPLIER",
    "type": null,
    "id": "sup1",
    "parent_actor": "nat",
    "contracts": null
  },
  {
    "category": "ENERGYHOLON",
    "type": null,
    "id": "hol1",
    "parent_actor": "sup1",
    "contracts": [],
    "nfATO_capacity_kw": 3000.0,
    "nfATO_starttime": 20.0,
    "nfATO_endtime": 6.0
  },
  {
    "category": "GRIDOPERATOR",
    "type": null,
    "id": "o1",
    "parent_actor": "nat",
    "contracts": null
  }
]