[
  {
    "owner_actor": "com1",
    "id": "b1",
    "capacity_kw": 750.0,
    "parent_electric": "E2",
    "parent_heat": null,
    "assets": [
      {
        "type": "ELECTRIC_VEHICLE",
        "stateOfCharge_r": 1.0,
        "name": "EHGV",
        "category": "STORAGE",
        "capacityElectricity_kW": 100.0,
        "storageCapacity_kWh": 500.0,
        "energyConsumption_kWhpkm": 1.3,
        "vehicleScaling": 10.0
      },
      {
        "type": "ELECTRIC_VEHICLE",
        "stateOfCharge_r": 1.0,
        "name": "EHGV",
        "category": "STORAGE",
        "capacityElectricity_kW": 100.0,
        "storageCapacity_kWh": 500.0,
        "energyConsumption_kWhpkm": 1.3,
        "vehicleScaling": 10.0
      },
      {
        "type": "ELECTRIC_VEHICLE",
        "stateOfCharge_r": 1.0,
        "name": "EHGV",
        "category": "STORAGE",
        "capacityElectricity_kW": 100.0,
        "storageCapacity_kWh": 500.0,
        "energyConsumption_kWhpkm": 1.3,
        "vehicleScaling": 10.0
      },
      {
        "type": "ELECTRIC_VEHICLE",
        "stateOfCharge_r": 1.0,
        "name": "EHGV",
        "category": "STORAGE",
        "capacityElectricity_kW": 100.0,
        "storageCapacity_kWh": 500.0,
        "energyConsumption_kWhpkm": 1.3,
        "vehicleScaling": 10.0
      },
      {
        "type": "ELECTRIC_VEHICLE",
        "stateOfCharge_r": 1.0,
        "name": "EHGV",
        "category": "STORAGE",
        "capacityElectricity_kW": 100.0,
        "storageCapacity_kWh": 500.0,
        "energyConsumption_kWhpkm": 1.3,
        "vehicleScaling": 10.0
      },
      {
        "type": "DIESEL_VEHICLE",
        "eta_r": 1.0,
        "name": "Diesel_Truck",
        "category": "CONVERSION",
        "energyConsumption_kWhpkm": 3.0,
        "vehicleScaling": 0.0
      },
      {
        "type": "STORAGE_ELECTRIC",
        "stateOfCharge_r": 0.5,
        "name": "Grid_battery_10MWh",
        "category": "STORAGE",
        "capacityElectricity_kW": 2000.0,
        "storageCapacity_kWh": 10000.0
      },
      {
        "type": "GAS_BURNER",
        "eta_r": 0.95,
        "name": "Building_gas_burner_60kW",
        "category": "CONVERSION",
        "deliveryTemp_degc": 90.0,
        "capacityHeat_kW": 60.0
      },
      {
        "type": "PHOTOVOLTAIC",
        "name": "Building_solarpanels_10kWp",
        "category": "PRODUCTION",
        "capacityElectricity_kW": 0.75
      }
    ],
    "charging_mode": "MAX_SPREAD",
    "battery_mode": "PRICE",
    "nfATO_capacity_kw": 1500.0,
    "nfATO_starttime": 20.0,
    "nfATO_endtime": 6.0,
    "category": "BUILDING",
    "insulation_label": "NONE",
    "heating_type": "GASBURNER",
    "type": "LOGISTICS"
  },
  {
    "owner_actor": "com2",
    "id": "b2",
    "capacity_kw": 2000.0,
    "parent_electric": "E2",
    "parent_heat": null,
    "assets": [
      {
        "type": "HEAT_DEMAND",
        "name": "INDUSTRY_OTHER_HEAT_DEMAND",
        "category": "CONSUMPTION",
        "yearlyDemandHeat_kWh": 600000.0
      },
      {
        "type": "ELECTRICITY_DEMAND",
        "name": "Office_other_electricity",
        "category": "CONSUMPTION",
        "yearlyDemandElectricity_kWh": 3500000.0
      },
      {
        "type": "GAS_BURNER",
        "eta_r": 0.95,
        "name": "Building_gas_burner_60kW",
        "category": "CONVERSION",
        "deliveryTemp_degc": 90.0,
        "capacityHeat_kW": 60.0
      }
    ],
    "charging_mode": null,
    "battery_mode": null,
    "nfATO_capacity_kw": null,
    "nfATO_starttime": null,
    "nfATO_endtime": null,
    "category": "INDUSTRY",
    "heating_type": "GASBURNER",
    "type": "INDUSTRY_OTHER"
  },
  {
    "owner_actor": "com3",
    "id": "b3",
    "capacity_kw": 3000.0,
    "parent_electric": "E2",
    "parent_heat": null,
    "assets": [
      {
        "type": "PHOTOVOLTAIC",
        "name": "Solarpanels_1MW",
        "category": "PRODUCTION",
        "capacityElectricity_kW": 1000.0
      }
    ],
    "charging_mode": null,
    "battery_mode": null,
    "nfATO_capacity_kw": null,
    "nfATO_starttime": null,
    "nfATO_endtime": null,
    "category": "SOLARFARM"
  },
  {
    "owner_actor": "com4",
    "id": "b4",
    "capacity_kw": 2000.0,
    "parent_electric": "E2",
    "parent_heat": null,
    "assets": [],
    "charging_mode": "MAX_SPREAD",
    "battery_mode": "PRICE",
    "nfATO_capacity_kw": null,
    "nfATO_starttime": null,
    "nfATO_endtime": null,
    "category": "GRIDBATTERY"
  }
]